User,Store,Department,Unpaid Liabilities,Goods In Transit
2202SM,2202,Bakery-1500,423.17,0
2202SM,2202,Coffee Shop-2900,0,0
2202SM,2202,Deli-2500,-525.97,0
2202SM,2202,Floral-3100,919.95,0
2202SM,2202,Meats-2000,20302.72,0
2202SM,2202,Produce-3000,-224.95,0
2202SM,2202,Restaurant-2700,869.4,0
2202SM,2202,Seafood-2600,-4.54,0
2202SM,2202,Tobacco-1008,0,0
2202SM,2202,Wine-3200,0,0
2206SM,2206,Bakery-1500,4154.46,0
2206SM,2206,Coffee Shop-2900,0,0
2206SM,2206,Deli-2500,270.06,0
2206SM,2206,Floral-3100,1898.32,0
2206SM,2206,Meats-2000,7883.17,0
2206SM,2206,Produce-3000,-46.11,0
2206SM,2206,Restaurant-2700,106,0
2206SM,2206,Seafood-2600,-22.01,0
2206SM,2206,Tobacco-1008,-1966.84,0
2206SM,2206,Wine-3200,0,0
2207SM,2207,Bakery-1500,0,0
2207SM,2207,Coffee Shop-2900,0,0
2207SM,2207,Deli-2500,0,0
2207SM,2207,Floral-3100,0,0
2207SM,2207,Meats-2000,0,0
2207SM,2207,Produce-3000,0,0
2207SM,2207,Restaurant-2700,0,0
2207SM,2207,Seafood-2600,0,0
2207SM,2207,Tobacco-1008,0,0
2207SM,2207,Wine-3200,0,0
2208SM,2208,Bakery-1500,10804.1,651.24
2208SM,2208,Coffee Shop-2900,0,0
2208SM,2208,Deli-2500,187.92,0
2208SM,2208,Floral-3100,8468.96,0
2208SM,2208,Meats-2000,14409.83,5531
2208SM,2208,Produce-3000,-496.59,0
2208SM,2208,Restaurant-2700,430.67,0
2208SM,2208,Seafood-2600,0,0
2208SM,2208,Tobacco-1008,2169.85,0
2208SM,2208,Wine-3200,7278.29,0
2209SM,2209,Bakery-1500,5047.73,113.37
2209SM,2209,Coffee Shop-2900,0,0
2209SM,2209,Deli-2500,217.63,0
2209SM,2209,Floral-3100,2229.77,0
2209SM,2209,Meats-2000,11326.39,0
2209SM,2209,Produce-3000,-222.08,0
2209SM,2209,Restaurant-2700,1450.99,0
2209SM,2209,Seafood-2600,0,0
2209SM,2209,Tobacco-1008,0,0
2209SM,2209,Wine-3200,0,0
2210SM,2210,Bakery-1500,2777.81,0
2210SM,2210,Coffee Shop-2900,0,0
2210SM,2210,Deli-2500,68.21,0
2210SM,2210,Floral-3100,970.18,0
2210SM,2210,Meats-2000,5552.47,0
2210SM,2210,Produce-3000,-136.51,0
2210SM,2210,Restaurant-2700,103.95,0
2210SM,2210,Seafood-2600,-8,0
2210SM,2210,Tobacco-1008,0,0
2210SM,2210,Wine-3200,0,0
2211SM,2211,Bakery-1500,2120.93,185.79
2211SM,2211,Coffee Shop-2900,0,0
2211SM,2211,Deli-2500,-62.22,0
2211SM,2211,Floral-3100,1618.01,0
2211SM,2211,Meats-2000,3873.22,0
2211SM,2211,Produce-3000,-149.84,0
2211SM,2211,Restaurant-2700,956.17,0
2211SM,2211,Seafood-2600,0,0
2211SM,2211,Tobacco-1008,0,0
2211SM,2211,Wine-3200,0,0
2212SM,2212,Bakery-1500,2225.31,1540.12
2212SM,2212,Coffee Shop-2900,0,0
2212SM,2212,Deli-2500,0,0
2212SM,2212,Floral-3100,4110.66,0
2212SM,2212,Meats-2000,3329.48,0
2212SM,2212,Produce-3000,-17.52,0
2212SM,2212,Restaurant-2700,106.67,0
2212SM,2212,Seafood-2600,0,0
2212SM,2212,Tobacco-1008,0,0
2212SM,2212,Wine-3200,0,0
2213SM,2213,Bakery-1500,6273.71,0
2213SM,2213,Coffee Shop-2900,0,0
2213SM,2213,Deli-2500,274.72,0
2213SM,2213,Floral-3100,4841.17,0
2213SM,2213,Meats-2000,21366.75,0
2213SM,2213,Produce-3000,-586.19,0
2213SM,2213,Restaurant-2700,608.92,0
2213SM,2213,Seafood-2600,0,0
2213SM,2213,Tobacco-1008,0,2657.64
2213SM,2213,Wine-3200,0,0
2214SM,2214,Bakery-1500,2815.94,0
2214SM,2214,Coffee Shop-2900,0,0
2214SM,2214,Deli-2500,49.07,0
2214SM,2214,Floral-3100,2141.72,0
2214SM,2214,Meats-2000,0,0
2214SM,2214,Produce-3000,12293.72,0
2214SM,2214,Restaurant-2700,-12221.02,0
2214SM,2214,Seafood-2600,-4.54,0
2214SM,2214,Tobacco-1008,3154.77,0
2214SM,2214,Wine-3200,0,0
2215SM,2215,Bakery-1500,6644.74,0
2215SM,2215,Coffee Shop-2900,0,0
2215SM,2215,Deli-2500,134.82,0
2215SM,2215,Floral-3100,7217.77,0
2215SM,2215,Meats-2000,17212.07,0
2215SM,2215,Produce-3000,819.64,0
2215SM,2215,Restaurant-2700,379.63,0
2215SM,2215,Seafood-2600,-1.47,0
2215SM,2215,Tobacco-1008,2205.66,0
2215SM,2215,Wine-3200,11352.78,4302.75
2217SM,2217,Bakery-1500,1301.62,-792.19
2217SM,2217,Coffee Shop-2900,0,0
2217SM,2217,Deli-2500,8.76,0
2217SM,2217,Floral-3100,10.53,0
2217SM,2217,Meats-2000,0,0
2217SM,2217,Produce-3000,-66.3,0
2217SM,2217,Restaurant-2700,84.79,0
2217SM,2217,Seafood-2600,0,0
2217SM,2217,Tobacco-1008,4850.3,0
2217SM,2217,Wine-3200,0,0
2219SM,2219,Bakery-1500,5062.95,-231.42
2219SM,2219,Coffee Shop-2900,0,0
2219SM,2219,Deli-2500,1771.03,1788.01
2219SM,2219,Floral-3100,3377.31,552
2219SM,2219,Meats-2000,22001.83,0
2219SM,2219,Produce-3000,1675.09,0
2219SM,2219,Restaurant-2700,216.12,19.76
2219SM,2219,Seafood-2600,0,0
2219SM,2219,Tobacco-1008,0,0
2219SM,2219,Wine-3200,0,0
2220SM,2220,Bakery-1500,4594.77,0
2220SM,2220,Coffee Shop-2900,0,0
2220SM,2220,Deli-2500,-12.52,0
2220SM,2220,Floral-3100,9039.56,0
2220SM,2220,Meats-2000,9228.1,0
2220SM,2220,Produce-3000,-127.56,0
2220SM,2220,Restaurant-2700,312.29,0
2220SM,2220,Seafood-2600,0,0
2220SM,2220,Tobacco-1008,-1524.03,0
2220SM,2220,Wine-3200,0,0
2221SM,2221,Bakery-1500,3029.9,0
2221SM,2221,Coffee Shop-2900,0,0
2221SM,2221,Deli-2500,-88.46,0
2221SM,2221,Floral-3100,2415.2,-741.37
2221SM,2221,Meats-2000,12461.56,0
2221SM,2221,Produce-3000,-226.79,0
2221SM,2221,Restaurant-2700,334.91,0
2221SM,2221,Seafood-2600,0,0
2221SM,2221,Tobacco-1008,0,0
2221SM,2221,Wine-3200,0,0
2222SM,2222,Bakery-1500,-67.93,0
2222SM,2222,Coffee Shop-2900,0,0
2222SM,2222,Deli-2500,-62.51,0
2222SM,2222,Floral-3100,1554.73,0
2222SM,2222,Meats-2000,6118.4,0
2222SM,2222,Produce-3000,-103.21,0
2222SM,2222,Restaurant-2700,306.33,0
2222SM,2222,Seafood-2600,0,0
2222SM,2222,Tobacco-1008,0,0
2222SM,2222,Wine-3200,0,0
2223SM,2223,Bakery-1500,2626.7,0
2223SM,2223,Coffee Shop-2900,0,0
2223SM,2223,Deli-2500,-64.99,0
2223SM,2223,Floral-3100,84.4,0
2223SM,2223,Meats-2000,-22.16,11921.17
2223SM,2223,Produce-3000,-22.06,0
2223SM,2223,Restaurant-2700,186.57,0
2223SM,2223,Seafood-2600,0,0
2223SM,2223,Tobacco-1008,7211.15,0
2223SM,2223,Wine-3200,0,0
2224SM,2224,Bakery-1500,2651.59,0
2224SM,2224,Coffee Shop-2900,0,0
2224SM,2224,Deli-2500,408.78,0
2224SM,2224,Floral-3100,1312.83,0
2224SM,2224,Meats-2000,3651.42,0
2224SM,2224,Produce-3000,1539.88,0
2224SM,2224,Restaurant-2700,3179.18,-120.25
2224SM,2224,Seafood-2600,0,0
2224SM,2224,Tobacco-1008,0,0
2224SM,2224,Wine-3200,0,0
2225SM,2225,Bakery-1500,2455.47,-32.07
2225SM,2225,Coffee Shop-2900,14505.97,0
2225SM,2225,Deli-2500,-31.04,0
2225SM,2225,Floral-3100,6088.65,0
2225SM,2225,Meats-2000,12430.25,0
2225SM,2225,Produce-3000,-136.53,0
2225SM,2225,Restaurant-2700,157.54,0
2225SM,2225,Seafood-2600,0,0
2225SM,2225,Tobacco-1008,5142.81,10977.5
2225SM,2225,Wine-3200,0,0
2226SM,2226,Bakery-1500,3874.38,0
2226SM,2226,Coffee Shop-2900,0,0
2226SM,2226,Deli-2500,17.84,0
2226SM,2226,Floral-3100,4503.4,85.9
2226SM,2226,Meats-2000,3801.57,0
2226SM,2226,Produce-3000,1073.48,0
2226SM,2226,Restaurant-2700,519.52,0
2226SM,2226,Seafood-2600,0,0
2226SM,2226,Tobacco-1008,-422.18,0
2226SM,2226,Wine-3200,0,0
2228SM,2228,Bakery-1500,3917.17,0
2228SM,2228,Coffee Shop-2900,0,0
2228SM,2228,Deli-2500,-118.53,0
2228SM,2228,Floral-3100,7150.95,0
2228SM,2228,Meats-2000,18595.75,0
2228SM,2228,Produce-3000,2465.64,0
2228SM,2228,Restaurant-2700,243.49,0
2228SM,2228,Seafood-2600,0,0
2228SM,2228,Tobacco-1008,5302.3,0
2228SM,2228,Wine-3200,0,0
2229SM,2229,Bakery-1500,4672.47,0
2229SM,2229,Coffee Shop-2900,0,0
2229SM,2229,Deli-2500,157.18,0
2229SM,2229,Floral-3100,3351.43,0
2229SM,2229,Meats-2000,8543.82,0
2229SM,2229,Produce-3000,-291.85,0
2229SM,2229,Restaurant-2700,1341.29,0
2229SM,2229,Seafood-2600,0,0
2229SM,2229,Tobacco-1008,0,0
2229SM,2229,Wine-3200,0,0
2235SM,2235,Bakery-1500,10880.39,0
2235SM,2235,Coffee Shop-2900,5252.53,0
2235SM,2235,Deli-2500,311.1,0
2235SM,2235,Floral-3100,13657.22,0
2235SM,2235,Meats-2000,25050.82,0
2235SM,2235,Produce-3000,1743.32,0
2235SM,2235,Restaurant-2700,457,0
2235SM,2235,Seafood-2600,3041.8,0
2235SM,2235,Tobacco-1008,224.82,0
2235SM,2235,Wine-3200,18167.45,0
2237SM,2237,Bakery-1500,5003.73,468.2
2237SM,2237,Coffee Shop-2900,0,0
2237SM,2237,Deli-2500,-342.5,0
2237SM,2237,Floral-3100,4240.06,0
2237SM,2237,Meats-2000,17243.17,0
2237SM,2237,Produce-3000,-360.39,0
2237SM,2237,Restaurant-2700,1931.56,146.57
2237SM,2237,Seafood-2600,-42.52,0
2237SM,2237,Tobacco-1008,0,0
2237SM,2237,Wine-3200,0,0
2241SM,2241,Bakery-1500,3483.64,1290.93
2241SM,2241,Coffee Shop-2900,0,0
2241SM,2241,Deli-2500,574.05,0
2241SM,2241,Floral-3100,3370.65,-1059.43
2241SM,2241,Meats-2000,16606.9,0
2241SM,2241,Produce-3000,1277.57,0
2241SM,2241,Restaurant-2700,788.28,0
2241SM,2241,Seafood-2600,0,0
2241SM,2241,Tobacco-1008,4264.22,0
2241SM,2241,Wine-3200,0,0
2242SM,2242,Bakery-1500,5099.04,-31.86
2242SM,2242,Coffee Shop-2900,0,0
2242SM,2242,Deli-2500,120.62,0
2242SM,2242,Floral-3100,6278.37,0
2242SM,2242,Meats-2000,17170.19,0
2242SM,2242,Produce-3000,-429.92,0
2242SM,2242,Restaurant-2700,495.46,0
2242SM,2242,Seafood-2600,0,0
2242SM,2242,Tobacco-1008,4282.03,0
2242SM,2242,Wine-3200,5362.7,0
2243SM,2243,Bakery-1500,1609.04,0
2243SM,2243,Coffee Shop-2900,0,0
2243SM,2243,Deli-2500,19.01,0
2243SM,2243,Floral-3100,2108.65,0
2243SM,2243,Meats-2000,0,0
2243SM,2243,Produce-3000,1422.46,0
2243SM,2243,Restaurant-2700,120.87,0
2243SM,2243,Seafood-2600,0,0
2243SM,2243,Tobacco-1008,0,0
2243SM,2243,Wine-3200,0,0
2244SM,2244,Bakery-1500,1875.09,0
2244SM,2244,Coffee Shop-2900,0,0
2244SM,2244,Deli-2500,22.95,0
2244SM,2244,Floral-3100,2609.07,-992.61
2244SM,2244,Meats-2000,11479.99,29.92
2244SM,2244,Produce-3000,661.27,0
2244SM,2244,Restaurant-2700,204.71,0
2244SM,2244,Seafood-2600,0,0
2244SM,2244,Tobacco-1008,-691.5,0
2244SM,2244,Wine-3200,0,0
2245SM,2245,Bakery-1500,6773.95,0
2245SM,2245,Coffee Shop-2900,0,0
2245SM,2245,Deli-2500,1.85,0
2245SM,2245,Floral-3100,11900.55,0
2245SM,2245,Meats-2000,0,0
2245SM,2245,Produce-3000,-14.76,0
2245SM,2245,Restaurant-2700,161.4,0
2245SM,2245,Seafood-2600,0,0
2245SM,2245,Tobacco-1008,-7408.88,0
2245SM,2245,Wine-3200,0,0
2246SM,2246,Bakery-1500,2739.78,279.82
2246SM,2246,Coffee Shop-2900,0,0
2246SM,2246,Deli-2500,785.83,0
2246SM,2246,Floral-3100,3784.5,-952.52
2246SM,2246,Meats-2000,11453.96,2698.68
2246SM,2246,Produce-3000,563.73,0
2246SM,2246,Restaurant-2700,411.12,0
2246SM,2246,Seafood-2600,0,0
2246SM,2246,Tobacco-1008,4523.46,1555.89
2246SM,2246,Wine-3200,0,0
2247SM,2247,Bakery-1500,3257.95,0
2247SM,2247,Coffee Shop-2900,0,0
2247SM,2247,Deli-2500,-26.16,0
2247SM,2247,Floral-3100,1155.22,0
2247SM,2247,Meats-2000,0,0
2247SM,2247,Produce-3000,-103.68,0
2247SM,2247,Restaurant-2700,285.69,0
2247SM,2247,Seafood-2600,0,0
2247SM,2247,Tobacco-1008,4251.37,0
2247SM,2247,Wine-3200,0,0
2248SM,2248,Bakery-1500,4137.41,0
2248SM,2248,Coffee Shop-2900,0,0
2248SM,2248,Deli-2500,139.93,0
2248SM,2248,Floral-3100,3607.71,0
2248SM,2248,Meats-2000,14422.12,0
2248SM,2248,Produce-3000,1881.99,0
2248SM,2248,Restaurant-2700,303.24,0
2248SM,2248,Seafood-2600,0,0
2248SM,2248,Tobacco-1008,4815.96,0
2248SM,2248,Wine-3200,0,0
2249SM,2249,Bakery-1500,2877.16,0
2249SM,2249,Coffee Shop-2900,0,0
2249SM,2249,Deli-2500,63.5,0
2249SM,2249,Floral-3100,2246.3,0
2249SM,2249,Meats-2000,12664.74,0
2249SM,2249,Produce-3000,1691.74,0
2249SM,2249,Restaurant-2700,885.03,0
2249SM,2249,Seafood-2600,-38.78,0
2249SM,2249,Tobacco-1008,0,0
2249SM,2249,Wine-3200,0,0
2250SM,2250,Bakery-1500,3436.4,0
2250SM,2250,Coffee Shop-2900,6153.99,0
2250SM,2250,Deli-2500,427.86,0
2250SM,2250,Floral-3100,1386,0
2250SM,2250,Meats-2000,15071.94,0
2250SM,2250,Produce-3000,1757.12,0
2250SM,2250,Restaurant-2700,697.22,0
2250SM,2250,Seafood-2600,0,0
2250SM,2250,Tobacco-1008,0,0
2250SM,2250,Wine-3200,0,0
2252SM,2252,Bakery-1500,2392.68,0
2252SM,2252,Coffee Shop-2900,0,0
2252SM,2252,Deli-2500,31.85,0
2252SM,2252,Floral-3100,1684.46,0
2252SM,2252,Meats-2000,7237.87,0
2252SM,2252,Produce-3000,-314.93,0
2252SM,2252,Restaurant-2700,265.57,0
2252SM,2252,Seafood-2600,-13.76,0
2252SM,2252,Tobacco-1008,0,0
2252SM,2252,Wine-3200,0,0
2260SM,2260,Bakery-1500,1632.98,0
2260SM,2260,Coffee Shop-2900,2.86,0
2260SM,2260,Deli-2500,41.55,0
2260SM,2260,Floral-3100,1479.33,0
2260SM,2260,Meats-2000,0,0
2260SM,2260,Produce-3000,-408.76,0
2260SM,2260,Restaurant-2700,270.59,0
2260SM,2260,Seafood-2600,0,0
2260SM,2260,Tobacco-1008,0,0
2260SM,2260,Wine-3200,0,0
2261SM,2261,Bakery-1500,5562.66,0
2261SM,2261,Coffee Shop-2900,0,0
2261SM,2261,Deli-2500,20.9,0
2261SM,2261,Floral-3100,0,0
2261SM,2261,Meats-2000,0,0
2261SM,2261,Produce-3000,-63.31,0
2261SM,2261,Restaurant-2700,121.4,0
2261SM,2261,Seafood-2600,0,0
2261SM,2261,Tobacco-1008,0,0
2261SM,2261,Wine-3200,0,0
2263SM,2263,Bakery-1500,3967.77,0
2263SM,2263,Coffee Shop-2900,0,0
2263SM,2263,Deli-2500,31.47,0
2263SM,2263,Floral-3100,6544.82,45
2263SM,2263,Meats-2000,13077.67,0
2263SM,2263,Produce-3000,1313.06,0
2263SM,2263,Restaurant-2700,240.11,0
2263SM,2263,Seafood-2600,-1.58,0
2263SM,2263,Tobacco-1008,2738.9,0
2263SM,2263,Wine-3200,0,0
2267SM,2267,Bakery-1500,2505.26,0
2267SM,2267,Coffee Shop-2900,0,0
2267SM,2267,Deli-2500,-397.26,0
2267SM,2267,Floral-3100,0,250.4
2267SM,2267,Meats-2000,8126.2,0
2267SM,2267,Produce-3000,-294.2,0
2267SM,2267,Restaurant-2700,688.91,0
2267SM,2267,Seafood-2600,-1.54,0
2267SM,2267,Tobacco-1008,-3710.2,0
2267SM,2267,Wine-3200,0,0
2274SM,2274,Bakery-1500,22970.14,0
2274SM,2274,Coffee Shop-2900,0,0
2274SM,2274,Deli-2500,-101.83,0
2274SM,2274,Floral-3100,8268.22,0
2274SM,2274,Meats-2000,103798.74,0
2274SM,2274,Produce-3000,34266.98,0
2274SM,2274,Restaurant-2700,40933.22,0
2274SM,2274,Seafood-2600,32719.8,0
2274SM,2274,Tobacco-1008,-2110.25,0
2274SM,2274,Wine-3200,0,0
2281SM,2281,Bakery-1500,19598.55,456.8
2281SM,2281,Coffee Shop-2900,0,0
2281SM,2281,Deli-2500,-4.36,0
2281SM,2281,Floral-3100,904.64,0
2281SM,2281,Meats-2000,101643.05,0
2281SM,2281,Produce-3000,19279.66,2193.2
2281SM,2281,Restaurant-2700,23338.21,0
2281SM,2281,Seafood-2600,16251.34,0
2281SM,2281,Tobacco-1008,-912.22,0
2281SM,2281,Wine-3200,0,0
2289SM,2289,Bakery-1500,7186.21,626.07
2289SM,2289,Coffee Shop-2900,0,0
2289SM,2289,Deli-2500,925.59,0
2289SM,2289,Floral-3100,6946.88,-728.8
2289SM,2289,Meats-2000,20942.29,0
2289SM,2289,Produce-3000,2420.05,0
2289SM,2289,Restaurant-2700,745.59,672.27
2289SM,2289,Seafood-2600,220,0
2289SM,2289,Tobacco-1008,-2236.67,0
2289SM,2289,Wine-3200,0,0
4405SM,4405,Bakery-1500,4755.96,0
4405SM,4405,Coffee Shop-2900,10482.27,0
4405SM,4405,Deli-2500,2294.32,0
4405SM,4405,Floral-3100,2678.25,0
4405SM,4405,Meats-2000,5478.58,0
4405SM,4405,Produce-3000,1596.8,0
4405SM,4405,Restaurant-2700,296.98,0
4405SM,4405,Seafood-2600,1070.97,0
4405SM,4405,Tobacco-1008,5512.2,0
4405SM,4405,Wine-3200,0,0
4410SM,4410,Bakery-1500,9530.94,0
4410SM,4410,Coffee Shop-2900,7847.55,0
4410SM,4410,Deli-2500,4482.16,0
4410SM,4410,Floral-3100,7308.38,0
4410SM,4410,Meats-2000,21569.82,0
4410SM,4410,Produce-3000,1389.78,0
4410SM,4410,Restaurant-2700,20741.07,0
4410SM,4410,Seafood-2600,2917.18,0
4410SM,4410,Tobacco-1008,0,0
4410SM,4410,Wine-3200,0,0
4415SM,4415,Bakery-1500,7004.77,0
4415SM,4415,Coffee Shop-2900,0,0
4415SM,4415,Deli-2500,3331.5,0
4415SM,4415,Floral-3100,977.7,0
4415SM,4415,Meats-2000,9305.04,0
4415SM,4415,Produce-3000,-236.35,0
4415SM,4415,Restaurant-2700,266.03,0
4415SM,4415,Seafood-2600,399.51,0
4415SM,4415,Tobacco-1008,-746.8,2414.79
4415SM,4415,Wine-3200,0,0
4420SM,4420,Bakery-1500,3680.67,0
4420SM,4420,Coffee Shop-2900,0,0
4420SM,4420,Deli-2500,1446.31,0
4420SM,4420,Floral-3100,5017.31,0
4420SM,4420,Meats-2000,6948.53,0
4420SM,4420,Produce-3000,609.34,44.2
4420SM,4420,Restaurant-2700,1264.82,0
4420SM,4420,Seafood-2600,456.19,0
4420SM,4420,Tobacco-1008,0,0
4420SM,4420,Wine-3200,0,0
4425SM,4425,Bakery-1500,3831.52,0
4425SM,4425,Coffee Shop-2900,0,0
4425SM,4425,Deli-2500,2042.74,0
4425SM,4425,Floral-3100,1489.44,746.65
4425SM,4425,Meats-2000,5367.24,0
4425SM,4425,Produce-3000,1975.3,-65
4425SM,4425,Restaurant-2700,351.53,298.19
4425SM,4425,Seafood-2600,147.1,0
4425SM,4425,Tobacco-1008,0,0
4425SM,4425,Wine-3200,0,0
5505SM,5505,Bakery-1500,3730.44,0
5505SM,5505,Coffee Shop-2900,7395.97,0
5505SM,5505,Deli-2500,234.23,0
5505SM,5505,Floral-3100,2423.8,0
5505SM,5505,Meats-2000,1198.3,0
5505SM,5505,Produce-3000,-552.7,0
5505SM,5505,Restaurant-2700,222.63,0
5505SM,5505,Seafood-2600,455.96,0
5505SM,5505,Tobacco-1008,2150.79,0
5505SM,5505,Wine-3200,0,0
5508SM,5508,Bakery-1500,4153.02,0
5508SM,5508,Coffee Shop-2900,61.31,0
5508SM,5508,Deli-2500,401.14,0
5508SM,5508,Floral-3100,3510.61,735.6
5508SM,5508,Meats-2000,3245.64,0
5508SM,5508,Produce-3000,-403.73,0
5508SM,5508,Restaurant-2700,448.32,0
5508SM,5508,Seafood-2600,1080.48,0
5508SM,5508,Tobacco-1008,0,0
5508SM,5508,Wine-3200,0,0
5515SM,5515,Bakery-1500,2420.04,0
5515SM,5515,Coffee Shop-2900,0,0
5515SM,5515,Deli-2500,216.89,0
5515SM,5515,Floral-3100,2513.65,3003.31
5515SM,5515,Meats-2000,9936.28,611.86
5515SM,5515,Produce-3000,-335.18,0
5515SM,5515,Restaurant-2700,375.74,113.62
5515SM,5515,Seafood-2600,673.58,0
5515SM,5515,Tobacco-1008,3193.91,0
5515SM,5515,Wine-3200,0,0
5530SM,5530,Bakery-1500,3231.54,0
5530SM,5530,Coffee Shop-2900,15131.42,0
5530SM,5530,Deli-2500,-206.56,0
5530SM,5530,Floral-3100,1353.95,0
5530SM,5530,Meats-2000,11772.53,0
5530SM,5530,Produce-3000,-189.31,0
5530SM,5530,Restaurant-2700,473.44,0
5530SM,5530,Seafood-2600,210.99,0
5530SM,5530,Tobacco-1008,0,0
5530SM,5530,Wine-3200,0,0
5533SM,5533,Bakery-1500,3752.33,0
5533SM,5533,Coffee Shop-2900,4530.13,0
5533SM,5533,Deli-2500,29.88,0
5533SM,5533,Floral-3100,2753.1,0
5533SM,5533,Meats-2000,11417.49,0
5533SM,5533,Produce-3000,872.92,0
5533SM,5533,Restaurant-2700,155.17,0
5533SM,5533,Seafood-2600,0,0
5533SM,5533,Tobacco-1008,0,0
5533SM,5533,Wine-3200,0,0
5540SM,5540,Bakery-1500,2917.5,48.57
5540SM,5540,Coffee Shop-2900,0,0
5540SM,5540,Deli-2500,44.65,0
5540SM,5540,Floral-3100,1077.99,2530.15
5540SM,5540,Meats-2000,5643.68,0
5540SM,5540,Produce-3000,-217.17,0
5540SM,5540,Restaurant-2700,398.98,0
5540SM,5540,Seafood-2600,375.39,0
5540SM,5540,Tobacco-1008,0,0
5540SM,5540,Wine-3200,0,0
5545SM,5545,Bakery-1500,1572.31,1740.69
5545SM,5545,Coffee Shop-2900,0,0
5545SM,5545,Deli-2500,55.29,0
5545SM,5545,Floral-3100,146.98,0
5545SM,5545,Meats-2000,3674.62,0
5545SM,5545,Produce-3000,-331.26,0
5545SM,5545,Restaurant-2700,59.71,0
5545SM,5545,Seafood-2600,410.97,0
5545SM,5545,Tobacco-1008,0,0
5545SM,5545,Wine-3200,0,0
6602SM,6602,Bakery-1500,3471.02,0
6602SM,6602,Coffee Shop-2900,0,0
6602SM,6602,Deli-2500,-19.76,0
6602SM,6602,Floral-3100,2700.35,0
6602SM,6602,Meats-2000,57.91,0
6602SM,6602,Produce-3000,-269.36,0
6602SM,6602,Restaurant-2700,217.71,0
6602SM,6602,Seafood-2600,0,0
6602SM,6602,Tobacco-1008,0,0
6602SM,6602,Wine-3200,0,0
6603SM,6603,Bakery-1500,4364.82,0
6603SM,6603,Coffee Shop-2900,5060.04,0
6603SM,6603,Deli-2500,-108.88,0
6603SM,6603,Floral-3100,1769.4,0
6603SM,6603,Meats-2000,2938.57,0
6603SM,6603,Produce-3000,-220.08,0
6603SM,6603,Restaurant-2700,486.61,0
6603SM,6603,Seafood-2600,0,0
6603SM,6603,Tobacco-1008,0,0
6603SM,6603,Wine-3200,0,0
6604SM,6604,Bakery-1500,5215.76,0
6604SM,6604,Coffee Shop-2900,0,0
6604SM,6604,Deli-2500,-213.04,0
6604SM,6604,Floral-3100,2789.33,0
6604SM,6604,Meats-2000,3574.38,0
6604SM,6604,Produce-3000,1048.72,0
6604SM,6604,Restaurant-2700,1769.05,0
6604SM,6604,Seafood-2600,0,0
6604SM,6604,Tobacco-1008,-1174.32,0
6604SM,6604,Wine-3200,0,0
6606SM,6606,Bakery-1500,3401.14,0
6606SM,6606,Coffee Shop-2900,0,0
6606SM,6606,Deli-2500,-58.78,0
6606SM,6606,Floral-3100,2949.11,0
6606SM,6606,Meats-2000,3170.59,0
6606SM,6606,Produce-3000,184.34,0
6606SM,6606,Restaurant-2700,1310.49,0
6606SM,6606,Seafood-2600,35.15,0
6606SM,6606,Tobacco-1008,0,0
6606SM,6606,Wine-3200,0,0
6607SM,6607,Bakery-1500,2220.47,0
6607SM,6607,Coffee Shop-2900,0,0
6607SM,6607,Deli-2500,104.84,0
6607SM,6607,Floral-3100,1251.9,1869.28
6607SM,6607,Meats-2000,3738.54,0
6607SM,6607,Produce-3000,-333.76,0
6607SM,6607,Restaurant-2700,542.82,24.7
6607SM,6607,Seafood-2600,0,0
6607SM,6607,Tobacco-1008,14872.38,0
6607SM,6607,Wine-3200,0,0
6608SM,6608,Bakery-1500,3164.36,0
6608SM,6608,Coffee Shop-2900,0,0
6608SM,6608,Deli-2500,-4.28,0
6608SM,6608,Floral-3100,1581.05,0
6608SM,6608,Meats-2000,6618.56,0
6608SM,6608,Produce-3000,2627.53,0
6608SM,6608,Restaurant-2700,380.5,0
6608SM,6608,Seafood-2600,0,0
6608SM,6608,Tobacco-1008,-2320.86,0
6608SM,6608,Wine-3200,0,0
6609SM,6609,Bakery-1500,3820.96,0
6609SM,6609,Coffee Shop-2900,0,0
6609SM,6609,Deli-2500,-8.76,0
6609SM,6609,Floral-3100,1127.1,0
6609SM,6609,Meats-2000,0,0
6609SM,6609,Produce-3000,-118.36,0
6609SM,6609,Restaurant-2700,245.24,0
6609SM,6609,Seafood-2600,0,0
6609SM,6609,Tobacco-1008,0,0
6609SM,6609,Wine-3200,0,0
6612SM,6612,Bakery-1500,4204,0
6612SM,6612,Coffee Shop-2900,0,0
6612SM,6612,Deli-2500,65.53,0
6612SM,6612,Floral-3100,1440.14,0
6612SM,6612,Meats-2000,0,0
6612SM,6612,Produce-3000,-147.47,0
6612SM,6612,Restaurant-2700,446.88,0
6612SM,6612,Seafood-2600,0,0
6612SM,6612,Tobacco-1008,0,0
6612SM,6612,Wine-3200,0,0
6613SM,6613,Bakery-1500,3338.44,0
6613SM,6613,Coffee Shop-2900,7971.01,0
6613SM,6613,Deli-2500,-389.94,0
6613SM,6613,Floral-3100,3129.46,0
6613SM,6613,Meats-2000,4468.89,0
6613SM,6613,Produce-3000,-1001.99,0
6613SM,6613,Restaurant-2700,1571.76,0
6613SM,6613,Seafood-2600,-9.45,0
6613SM,6613,Tobacco-1008,-568.79,-597.87
6613SM,6613,Wine-3200,0,0
6614SM,6614,Bakery-1500,3354.21,0
6614SM,6614,Coffee Shop-2900,0,0
6614SM,6614,Deli-2500,783.72,0
6614SM,6614,Floral-3100,1719.15,0
6614SM,6614,Meats-2000,5775.25,0
6614SM,6614,Produce-3000,-199.17,0
6614SM,6614,Restaurant-2700,227.29,24.7
6614SM,6614,Seafood-2600,0,0
6614SM,6614,Tobacco-1008,0,0
6614SM,6614,Wine-3200,0,0
6615SM,6615,Bakery-1500,4637.31,0
6615SM,6615,Coffee Shop-2900,0,0
6615SM,6615,Deli-2500,-23.98,0
6615SM,6615,Floral-3100,2019.74,0
6615SM,6615,Meats-2000,-300,0
6615SM,6615,Produce-3000,-219.71,0
6615SM,6615,Restaurant-2700,331.49,0
6615SM,6615,Seafood-2600,0,0
6615SM,6615,Tobacco-1008,0,0
6615SM,6615,Wine-3200,0,0
6616SM,6616,Bakery-1500,1663.61,-184.25
6616SM,6616,Coffee Shop-2900,0,0
6616SM,6616,Deli-2500,-420.25,703.73
6616SM,6616,Floral-3100,5867.81,292.2
6616SM,6616,Meats-2000,5479.29,0
6616SM,6616,Produce-3000,-314.93,0
6616SM,6616,Restaurant-2700,422.25,0
6616SM,6616,Seafood-2600,0,0
6616SM,6616,Tobacco-1008,1092.49,0
6616SM,6616,Wine-3200,0,0
6617SM,6617,Bakery-1500,4661.74,-376.32
6617SM,6617,Coffee Shop-2900,235.37,0
6617SM,6617,Deli-2500,78.02,178.75
6617SM,6617,Floral-3100,3535.4,385.3
6617SM,6617,Meats-2000,7613.04,5052.52
6617SM,6617,Produce-3000,-133.36,0
6617SM,6617,Restaurant-2700,128.68,0
6617SM,6617,Seafood-2600,0,0
6617SM,6617,Tobacco-1008,0,0
6617SM,6617,Wine-3200,0,0
6618SM,6618,Bakery-1500,1514.82,0
6618SM,6618,Coffee Shop-2900,0,0
6618SM,6618,Deli-2500,-124.33,0
6618SM,6618,Floral-3100,-182.59,0
6618SM,6618,Meats-2000,1992.32,0
6618SM,6618,Produce-3000,-60.24,0
6618SM,6618,Restaurant-2700,261.98,0
6618SM,6618,Seafood-2600,0,0
6618SM,6618,Tobacco-1008,0,0
6618SM,6618,Wine-3200,0,0
6619SM,6619,Bakery-1500,6566.17,75
6619SM,6619,Coffee Shop-2900,0,0
6619SM,6619,Deli-2500,-8.5,0
6619SM,6619,Floral-3100,3893.56,0
6619SM,6619,Meats-2000,4916.73,0
6619SM,6619,Produce-3000,-200.93,0
6619SM,6619,Restaurant-2700,294.64,0
6619SM,6619,Seafood-2600,-12.9,0
6619SM,6619,Tobacco-1008,0,0
6619SM,6619,Wine-3200,0,0
6620SM,6620,Bakery-1500,5148.9,0
6620SM,6620,Coffee Shop-2900,0,0
6620SM,6620,Deli-2500,17.06,0
6620SM,6620,Floral-3100,1133.68,0
6620SM,6620,Meats-2000,4619.94,4239.16
6620SM,6620,Produce-3000,-91.68,0
6620SM,6620,Restaurant-2700,141.1,0
6620SM,6620,Seafood-2600,0,0
6620SM,6620,Tobacco-1008,-860.17,0
6620SM,6620,Wine-3200,0,0
6622SM,6622,Bakery-1500,4923.58,0
6622SM,6622,Coffee Shop-2900,0,0
6622SM,6622,Deli-2500,-286.96,0
6622SM,6622,Floral-3100,4173.72,0
6622SM,6622,Meats-2000,985.06,0
6622SM,6622,Produce-3000,-170.94,0
6622SM,6622,Restaurant-2700,400.28,0
6622SM,6622,Seafood-2600,0,0
6622SM,6622,Tobacco-1008,0,0
6622SM,6622,Wine-3200,0,0
6623SM,6623,Bakery-1500,2087.41,0
6623SM,6623,Coffee Shop-2900,12082.86,0
6623SM,6623,Deli-2500,24.52,0
6623SM,6623,Floral-3100,2041.52,631.4
6623SM,6623,Meats-2000,-5.16,0
6623SM,6623,Produce-3000,12.9,0
6623SM,6623,Restaurant-2700,282.43,0
6623SM,6623,Seafood-2600,0,0
6623SM,6623,Tobacco-1008,1200.79,0
6623SM,6623,Wine-3200,0,0
6628SM,6628,Bakery-1500,4389.7,0
6628SM,6628,Coffee Shop-2900,0,0
6628SM,6628,Deli-2500,-47.56,0
6628SM,6628,Floral-3100,2216.04,0
6628SM,6628,Meats-2000,-140,0
6628SM,6628,Produce-3000,-172.19,0
6628SM,6628,Restaurant-2700,213.05,0
6628SM,6628,Seafood-2600,0,0
6628SM,6628,Tobacco-1008,7774.86,0
6628SM,6628,Wine-3200,0,0
6629SM,6629,Bakery-1500,3971.06,0
6629SM,6629,Coffee Shop-2900,0,0
6629SM,6629,Deli-2500,205.8,54.24
6629SM,6629,Floral-3100,830.2,-640.59
6629SM,6629,Meats-2000,442.56,0
6629SM,6629,Produce-3000,-108.59,0
6629SM,6629,Restaurant-2700,159.82,0
6629SM,6629,Seafood-2600,-262.5,0
6629SM,6629,Tobacco-1008,0,0
6629SM,6629,Wine-3200,0,0
6630SM,6630,Bakery-1500,2550.54,0
6630SM,6630,Coffee Shop-2900,0,0
6630SM,6630,Deli-2500,212.01,0
6630SM,6630,Floral-3100,2147.67,0
6630SM,6630,Meats-2000,2000.94,0
6630SM,6630,Produce-3000,-195.69,785.1
6630SM,6630,Restaurant-2700,200.5,0
6630SM,6630,Seafood-2600,0,0
6630SM,6630,Tobacco-1008,0,0
6630SM,6630,Wine-3200,0,0
6632SM,6632,Bakery-1500,1974.84,0
6632SM,6632,Coffee Shop-2900,12175.82,0
6632SM,6632,Deli-2500,-54.38,0
6632SM,6632,Floral-3100,1796.33,0
6632SM,6632,Meats-2000,-748.3,0
6632SM,6632,Produce-3000,105.11,0
6632SM,6632,Restaurant-2700,1001.4,0
6632SM,6632,Seafood-2600,-9,0
6632SM,6632,Tobacco-1008,0,0
6632SM,6632,Wine-3200,0,0
6633SM,6633,Bakery-1500,3758.89,0
6633SM,6633,Coffee Shop-2900,11391.19,0
6633SM,6633,Deli-2500,-92.29,0
6633SM,6633,Floral-3100,898.85,0
6633SM,6633,Meats-2000,-857.05,0
6633SM,6633,Produce-3000,-26.05,0
6633SM,6633,Restaurant-2700,342.97,0
6633SM,6633,Seafood-2600,-0.77,0
6633SM,6633,Tobacco-1008,0,0
6633SM,6633,Wine-3200,0,0
6634SM,6634,Bakery-1500,2202.88,0
6634SM,6634,Coffee Shop-2900,0,0
6634SM,6634,Deli-2500,11.69,0
6634SM,6634,Floral-3100,1464.25,0
6634SM,6634,Meats-2000,-958.45,0
6634SM,6634,Produce-3000,-211.37,0
6634SM,6634,Restaurant-2700,905.37,0
6634SM,6634,Seafood-2600,0,0
6634SM,6634,Tobacco-1008,0,0
6634SM,6634,Wine-3200,0,0
6635SM,6635,Bakery-1500,5080.44,0
6635SM,6635,Coffee Shop-2900,0,0
6635SM,6635,Deli-2500,-337.15,0
6635SM,6635,Floral-3100,1405.2,0
6635SM,6635,Meats-2000,1182.13,7182.94
6635SM,6635,Produce-3000,-318.08,0
6635SM,6635,Restaurant-2700,945.14,0
6635SM,6635,Seafood-2600,1760.92,0
6635SM,6635,Tobacco-1008,0,0
6635SM,6635,Wine-3200,0,0
6636SM,6636,Bakery-1500,4835.08,0
6636SM,6636,Coffee Shop-2900,0,0
6636SM,6636,Deli-2500,10.68,0
6636SM,6636,Floral-3100,907.4,0
6636SM,6636,Meats-2000,5163.8,253.82
6636SM,6636,Produce-3000,781.95,0
6636SM,6636,Restaurant-2700,208.34,0
6636SM,6636,Seafood-2600,-12,0
6636SM,6636,Tobacco-1008,0,0
6636SM,6636,Wine-3200,0,0
6637SM,6637,Bakery-1500,232.75,0
6637SM,6637,Coffee Shop-2900,0,0
6637SM,6637,Deli-2500,206.71,0
6637SM,6637,Floral-3100,-55.76,0
6637SM,6637,Meats-2000,2699.99,0
6637SM,6637,Produce-3000,-384.25,0
6637SM,6637,Restaurant-2700,291.28,0
6637SM,6637,Seafood-2600,-10.54,0
6637SM,6637,Tobacco-1008,0,0
6637SM,6637,Wine-3200,0,0
6643SM,6643,Bakery-1500,4489.7,0
6643SM,6643,Coffee Shop-2900,0,0
6643SM,6643,Deli-2500,1269.82,0
6643SM,6643,Floral-3100,2704.82,-169.4
6643SM,6643,Meats-2000,0,0
6643SM,6643,Produce-3000,2694.11,0
6643SM,6643,Restaurant-2700,306.62,0
6643SM,6643,Seafood-2600,-12.42,0
6643SM,6643,Tobacco-1008,0,0
6643SM,6643,Wine-3200,0,0
6645SM,6645,Bakery-1500,6197.24,0
6645SM,6645,Coffee Shop-2900,2343.18,0
6645SM,6645,Deli-2500,-17.06,0
6645SM,6645,Floral-3100,4372.73,0
6645SM,6645,Meats-2000,1479.56,0
6645SM,6645,Produce-3000,5693.23,0
6645SM,6645,Restaurant-2700,474.96,0
6645SM,6645,Seafood-2600,45.11,0
6645SM,6645,Tobacco-1008,0,0
6645SM,6645,Wine-3200,0,0
6647SM,6647,Bakery-1500,2380.39,1200.33
6647SM,6647,Coffee Shop-2900,304.72,0
6647SM,6647,Deli-2500,36.82,0
6647SM,6647,Floral-3100,673.7,0
6647SM,6647,Meats-2000,-1677.87,2774.49
6647SM,6647,Produce-3000,137.04,0
6647SM,6647,Restaurant-2700,1266.53,0
6647SM,6647,Seafood-2600,256.5,0
6647SM,6647,Tobacco-1008,0,0
6647SM,6647,Wine-3200,0,0
6650SM,6650,Bakery-1500,2380.93,0
6650SM,6650,Coffee Shop-2900,0,0
6650SM,6650,Deli-2500,10.27,0
6650SM,6650,Floral-3100,1152.63,0
6650SM,6650,Meats-2000,0,0
6650SM,6650,Produce-3000,3294.66,0
6650SM,6650,Restaurant-2700,1004.13,0
6650SM,6650,Seafood-2600,0,0
6650SM,6650,Tobacco-1008,0,0
6650SM,6650,Wine-3200,0,0
6661SM,6661,Bakery-1500,0,0
6661SM,6661,Coffee Shop-2900,0,0
6661SM,6661,Deli-2500,0,0
6661SM,6661,Floral-3100,0,0
6661SM,6661,Meats-2000,0,0
6661SM,6661,Produce-3000,0,0
6661SM,6661,Restaurant-2700,0,0
6661SM,6661,Seafood-2600,0,0
6661SM,6661,Tobacco-1008,0,0
6661SM,6661,Wine-3200,0,0
6662SM,6662,Bakery-1500,2481.4,0
6662SM,6662,Coffee Shop-2900,0,0
6662SM,6662,Deli-2500,1152.9,0
6662SM,6662,Floral-3100,792.3,0
6662SM,6662,Meats-2000,2893.6,0
6662SM,6662,Produce-3000,-152.93,0
6662SM,6662,Restaurant-2700,198.33,0
6662SM,6662,Seafood-2600,0,0
6662SM,6662,Tobacco-1008,0,0
6662SM,6662,Wine-3200,0,0
6663SM,6663,Bakery-1500,1676.91,0
6663SM,6663,Coffee Shop-2900,0,0
6663SM,6663,Deli-2500,-99.85,0
6663SM,6663,Floral-3100,501.93,-887.44
6663SM,6663,Meats-2000,1709.95,0
6663SM,6663,Produce-3000,-296.69,0
6663SM,6663,Restaurant-2700,182.75,0
6663SM,6663,Seafood-2600,0,0
6663SM,6663,Tobacco-1008,0,0
6663SM,6663,Wine-3200,0,0
6664SM,6664,Bakery-1500,2075.76,0
6664SM,6664,Coffee Shop-2900,0,0
6664SM,6664,Deli-2500,1741.83,1716
6664SM,6664,Floral-3100,975.35,-756.23
6664SM,6664,Meats-2000,4527.71,542.96
6664SM,6664,Produce-3000,-255.2,0
6664SM,6664,Restaurant-2700,167.41,0
6664SM,6664,Seafood-2600,0,0
6664SM,6664,Tobacco-1008,0,0
6664SM,6664,Wine-3200,0,0
6667SM,6667,Bakery-1500,5018.38,283.39
6667SM,6667,Coffee Shop-2900,0,0
6667SM,6667,Deli-2500,-32.84,0
6667SM,6667,Floral-3100,12673.06,0
6667SM,6667,Meats-2000,1396.86,0
6667SM,6667,Produce-3000,-321.58,0
6667SM,6667,Restaurant-2700,600.67,140.18
6667SM,6667,Seafood-2600,0,0
6667SM,6667,Tobacco-1008,0,0
6667SM,6667,Wine-3200,0,0
6670SM,6670,Bakery-1500,13160.37,0
6670SM,6670,Coffee Shop-2900,0,0
6670SM,6670,Deli-2500,-17.53,0
6670SM,6670,Floral-3100,732.2,0
6670SM,6670,Meats-2000,2210.38,0
6670SM,6670,Produce-3000,1421.17,0
6670SM,6670,Restaurant-2700,126.47,0
6670SM,6670,Seafood-2600,-4.54,0
6670SM,6670,Tobacco-1008,0,0
6670SM,6670,Wine-3200,0,0
6672SM,6672,Bakery-1500,2788.77,0
6672SM,6672,Coffee Shop-2900,5683.16,0
6672SM,6672,Deli-2500,-179.41,0
6672SM,6672,Floral-3100,2740.81,0
6672SM,6672,Meats-2000,90.52,0
6672SM,6672,Produce-3000,-218.91,0
6672SM,6672,Restaurant-2700,369.57,0
6672SM,6672,Seafood-2600,0,0
6672SM,6672,Tobacco-1008,-424.1,0
6672SM,6672,Wine-3200,0,0
6673SM,6673,Bakery-1500,2887.88,56.25
6673SM,6673,Coffee Shop-2900,0,0
6673SM,6673,Deli-2500,4.47,0
6673SM,6673,Floral-3100,2266.02,0
6673SM,6673,Meats-2000,694.6,0
6673SM,6673,Produce-3000,-99.44,0
6673SM,6673,Restaurant-2700,-45.11,0
6673SM,6673,Seafood-2600,-3.25,0
6673SM,6673,Tobacco-1008,0,0
6673SM,6673,Wine-3200,0,0
6675SM,6675,Bakery-1500,3910.35,0
6675SM,6675,Coffee Shop-2900,0,0
6675SM,6675,Deli-2500,-50.64,0
6675SM,6675,Floral-3100,989.81,0
6675SM,6675,Meats-2000,-44.11,0
6675SM,6675,Produce-3000,-93.95,0
6675SM,6675,Restaurant-2700,198.07,0
6675SM,6675,Seafood-2600,-8,0
6675SM,6675,Tobacco-1008,0,0
6675SM,6675,Wine-3200,0,0
6678SM,6678,Bakery-1500,1866.38,0
6678SM,6678,Coffee Shop-2900,0,0
6678SM,6678,Deli-2500,-75.9,0
6678SM,6678,Floral-3100,1958.39,0
6678SM,6678,Meats-2000,584.23,0
6678SM,6678,Produce-3000,-367.19,1190
6678SM,6678,Restaurant-2700,6694.27,0
6678SM,6678,Seafood-2600,0,0
6678SM,6678,Tobacco-1008,-5668.41,0
6678SM,6678,Wine-3200,0,0
6679SM,6679,Bakery-1500,4332.35,0
6679SM,6679,Coffee Shop-2900,0,0
6679SM,6679,Deli-2500,132.76,0
6679SM,6679,Floral-3100,912.06,0
6679SM,6679,Meats-2000,3549.93,0
6679SM,6679,Produce-3000,-237.91,0
6679SM,6679,Restaurant-2700,331.27,0
6679SM,6679,Seafood-2600,-8,0
6679SM,6679,Tobacco-1008,0,0
6679SM,6679,Wine-3200,0,0
6682SM,6682,Bakery-1500,3596.61,-190.5
6682SM,6682,Coffee Shop-2900,0,0
6682SM,6682,Deli-2500,-27.66,0
6682SM,6682,Floral-3100,2199.21,0
6682SM,6682,Meats-2000,3377.47,0
6682SM,6682,Produce-3000,-165.11,0
6682SM,6682,Restaurant-2700,483.12,0
6682SM,6682,Seafood-2600,0,0
6682SM,6682,Tobacco-1008,-672.89,0
6682SM,6682,Wine-3200,0,0
6686SM,6686,Bakery-1500,10327.42,0
6686SM,6686,Coffee Shop-2900,0,0
6686SM,6686,Deli-2500,816.53,0
6686SM,6686,Floral-3100,5055.29,0
6686SM,6686,Meats-2000,5257.28,0
6686SM,6686,Produce-3000,-262.29,0
6686SM,6686,Restaurant-2700,962.15,0
6686SM,6686,Seafood-2600,-8,0
6686SM,6686,Tobacco-1008,0,0
6686SM,6686,Wine-3200,0,0
6690SM,6690,Bakery-1500,12503.09,0
6690SM,6690,Coffee Shop-2900,0,0
6690SM,6690,Deli-2500,-5342.49,0
6690SM,6690,Floral-3100,2530.28,0
6690SM,6690,Meats-2000,-3.74,7475.54
6690SM,6690,Produce-3000,10492.47,0
6690SM,6690,Restaurant-2700,166.67,222.3
6690SM,6690,Seafood-2600,0,0
6690SM,6690,Tobacco-1008,30847.19,0
6690SM,6690,Wine-3200,0,0
7614SM,7614,Bakery-1500,9675.98,273.27
7614SM,7614,Coffee Shop-2900,0,0
7614SM,7614,Deli-2500,6608.33,0
7614SM,7614,Floral-3100,7430.27,0
7614SM,7614,Meats-2000,24270.88,0
7614SM,7614,Produce-3000,27964.15,0
7614SM,7614,Restaurant-2700,19857.77,0
7614SM,7614,Seafood-2600,2678.9,0
7614SM,7614,Tobacco-1008,0,0
7614SM,7614,Wine-3200,0,917.64
7618SM,7618,Bakery-1500,6065.91,0
7618SM,7618,Coffee Shop-2900,6486.24,71.54
7618SM,7618,Deli-2500,-770.98,0
7618SM,7618,Floral-3100,2924.25,0
7618SM,7618,Meats-2000,6396.56,190.74
7618SM,7618,Produce-3000,6497.61,0
7618SM,7618,Restaurant-2700,12308.81,187.14
7618SM,7618,Seafood-2600,744.91,0
7618SM,7618,Tobacco-1008,0,0
7618SM,7618,Wine-3200,0,0
7623SM,7623,Bakery-1500,4400.52,160.35
7623SM,7623,Coffee Shop-2900,491.91,0
7623SM,7623,Deli-2500,2107.26,0
7623SM,7623,Floral-3100,1421.95,0
7623SM,7623,Meats-2000,49888.08,0
7623SM,7623,Produce-3000,9988.62,0
7623SM,7623,Restaurant-2700,11234.24,0
7623SM,7623,Seafood-2600,1349.32,0
7623SM,7623,Tobacco-1008,-57.61,0
7623SM,7623,Wine-3200,-16.35,0
7630SM,7630,Bakery-1500,4875.91,0
7630SM,7630,Coffee Shop-2900,3255.46,0
7630SM,7630,Deli-2500,1012.7,0
7630SM,7630,Floral-3100,1052.48,0
7630SM,7630,Meats-2000,-22.52,0
7630SM,7630,Produce-3000,-6878.54,0
7630SM,7630,Restaurant-2700,12749.89,-107.5
7630SM,7630,Seafood-2600,17.38,0
7630SM,7630,Tobacco-1008,0,0
7630SM,7630,Wine-3200,0,0
7638SM,7638,Bakery-1500,8147.76,114.36
7638SM,7638,Coffee Shop-2900,0,0
7638SM,7638,Deli-2500,2334.67,1233.84
7638SM,7638,Floral-3100,4833.27,0
7638SM,7638,Meats-2000,7267.44,266.17
7638SM,7638,Produce-3000,19447.03,0
7638SM,7638,Restaurant-2700,12705.86,0
7638SM,7638,Seafood-2600,658.73,0
7638SM,7638,Tobacco-1008,-15.55,2254.54
7638SM,7638,Wine-3200,0,0
902SM,902,Bakery-1500,4028.67,0
902SM,902,Coffee Shop-2900,0,0
902SM,902,Deli-2500,4.18,0
902SM,902,Floral-3100,4492.65,0
902SM,902,Meats-2000,12936.91,0
902SM,902,Produce-3000,-184.46,0
902SM,902,Restaurant-2700,662.55,0
902SM,902,Seafood-2600,-4.54,0
902SM,902,Tobacco-1008,7325.91,5693.85
902SM,902,Wine-3200,0,0
903SM,903,Bakery-1500,10542.8,0
903SM,903,Coffee Shop-2900,0,0
903SM,903,Deli-2500,332.08,0
903SM,903,Floral-3100,12072.12,0
903SM,903,Meats-2000,21036.74,0
903SM,903,Produce-3000,42.98,0
903SM,903,Restaurant-2700,645.52,0
903SM,903,Seafood-2600,-4.18,0
903SM,903,Tobacco-1008,8337.71,3922.04
903SM,903,Wine-3200,18160.75,0
904SM,904,Bakery-1500,5744.91,0
904SM,904,Coffee Shop-2900,3708.18,0
904SM,904,Deli-2500,173.43,0
904SM,904,Floral-3100,9906.13,0
904SM,904,Meats-2000,16247.97,0
904SM,904,Produce-3000,-152.21,0
904SM,904,Restaurant-2700,127.11,0
904SM,904,Seafood-2600,5.25,0
904SM,904,Tobacco-1008,0,0
904SM,904,Wine-3200,0,0
907SM,907,Bakery-1500,5154.89,48.75
907SM,907,Coffee Shop-2900,30.6,0
907SM,907,Deli-2500,360.63,0
907SM,907,Floral-3100,4519.35,0
907SM,907,Meats-2000,28877.22,0
907SM,907,Produce-3000,16570.01,0
907SM,907,Restaurant-2700,-1092.41,0
907SM,907,Seafood-2600,1795.77,0
907SM,907,Tobacco-1008,8042.4,0
907SM,907,Wine-3200,0,0
909SM,909,Bakery-1500,2552.71,0
909SM,909,Coffee Shop-2900,0,0
909SM,909,Deli-2500,145.05,0
909SM,909,Floral-3100,5256,0
909SM,909,Meats-2000,4970.07,0
909SM,909,Produce-3000,1680.75,92
909SM,909,Restaurant-2700,637.74,0
909SM,909,Seafood-2600,-16,0
909SM,909,Tobacco-1008,5334.56,10454.76
909SM,909,Wine-3200,0,0
910SM,910,Bakery-1500,9698.84,246.75
910SM,910,Coffee Shop-2900,0,0
910SM,910,Deli-2500,-36,0
910SM,910,Floral-3100,4745.7,94.8
910SM,910,Meats-2000,17296.12,0
910SM,910,Produce-3000,396.8,0
910SM,910,Restaurant-2700,136.27,0
910SM,910,Seafood-2600,0,0
910SM,910,Tobacco-1008,0,0
910SM,910,Wine-3200,0,0
915SM,915,Bakery-1500,3440.63,0
915SM,915,Coffee Shop-2900,0,0
915SM,915,Deli-2500,-40.7,0
915SM,915,Floral-3100,1515.07,0
915SM,915,Meats-2000,0,0
915SM,915,Produce-3000,5340.03,0
915SM,915,Restaurant-2700,376.83,0
915SM,915,Seafood-2600,0,0
915SM,915,Tobacco-1008,0,0
915SM,915,Wine-3200,0,0
916SM,916,Bakery-1500,2526.53,-58.63
916SM,916,Coffee Shop-2900,0,0
916SM,916,Deli-2500,100.32,0
916SM,916,Floral-3100,2704.98,0
916SM,916,Meats-2000,7020.32,2396.58
916SM,916,Produce-3000,405.9,0
916SM,916,Restaurant-2700,185.71,0
916SM,916,Seafood-2600,7.35,0
916SM,916,Tobacco-1008,0,0
916SM,916,Wine-3200,0,0
918SM,918,Bakery-1500,9976.95,0
918SM,918,Coffee Shop-2900,0,0
918SM,918,Deli-2500,80.74,0
918SM,918,Floral-3100,7530.93,0
918SM,918,Meats-2000,29133.85,0
918SM,918,Produce-3000,5005.72,0
918SM,918,Restaurant-2700,10564.61,0
918SM,918,Seafood-2600,-8.18,0
918SM,918,Tobacco-1008,858.78,2293.24
918SM,918,Wine-3200,8853.99,-792.8
919SM,919,Bakery-1500,2771.99,83.64
919SM,919,Coffee Shop-2900,7049.98,0
919SM,919,Deli-2500,150.97,0
919SM,919,Floral-3100,1989.92,0
919SM,919,Meats-2000,24395.6,0
919SM,919,Produce-3000,989.8,0
919SM,919,Restaurant-2700,361.93,0
919SM,919,Seafood-2600,0,0
919SM,919,Tobacco-1008,15997.75,5550.53
919SM,919,Wine-3200,0,0
921SM,921,Bakery-1500,6879.13,0
921SM,921,Coffee Shop-2900,15338.4,0
921SM,921,Deli-2500,595.28,0
921SM,921,Floral-3100,7351.77,0
921SM,921,Meats-2000,67.21,0
921SM,921,Produce-3000,7881.48,0
921SM,921,Restaurant-2700,1995.45,0
921SM,921,Seafood-2600,393.98,0
921SM,921,Tobacco-1008,0,0
921SM,921,Wine-3200,0,0
922SM,922,Bakery-1500,7943.24,0
922SM,922,Coffee Shop-2900,11231.49,0
922SM,922,Deli-2500,133.5,78.3
922SM,922,Floral-3100,3596.48,0
922SM,922,Meats-2000,-16.25,0
922SM,922,Produce-3000,2955.43,838
922SM,922,Restaurant-2700,706.77,24.7
922SM,922,Seafood-2600,0,0
922SM,922,Tobacco-1008,0,3532.76
922SM,922,Wine-3200,14837.74,0
923SM,923,Bakery-1500,11367.49,0
923SM,923,Coffee Shop-2900,2155.21,0
923SM,923,Deli-2500,436.79,0
923SM,923,Floral-3100,3210.84,0
923SM,923,Meats-2000,-746.51,0
923SM,923,Produce-3000,3000.9,0
923SM,923,Restaurant-2700,479.15,0
923SM,923,Seafood-2600,0,0
923SM,923,Tobacco-1008,0,0
923SM,923,Wine-3200,0,0
928SM,928,Bakery-1500,7048.98,165.58
928SM,928,Coffee Shop-2900,0,0
928SM,928,Deli-2500,342.93,0
928SM,928,Floral-3100,9653.86,0
928SM,928,Meats-2000,18412.13,0
928SM,928,Produce-3000,740.05,0
928SM,928,Restaurant-2700,649.78,0
928SM,928,Seafood-2600,-17.57,0
928SM,928,Tobacco-1008,0,0
928SM,928,Wine-3200,0,0
929SM,929,Bakery-1500,8439.73,0
929SM,929,Coffee Shop-2900,0,0
929SM,929,Deli-2500,128.35,0
929SM,929,Floral-3100,2310.39,0
929SM,929,Meats-2000,-10.33,0
929SM,929,Produce-3000,-354.33,0
929SM,929,Restaurant-2700,431.79,0
929SM,929,Seafood-2600,0,0
929SM,929,Tobacco-1008,0,0
929SM,929,Wine-3200,0,0
930SM,930,Bakery-1500,1810.79,1675.65
930SM,930,Coffee Shop-2900,0,0
930SM,930,Deli-2500,36.03,0
930SM,930,Floral-3100,5072.84,168.8
930SM,930,Meats-2000,5196.52,5018.36
930SM,930,Produce-3000,-43.56,0
930SM,930,Restaurant-2700,126.5,0
930SM,930,Seafood-2600,0,0
930SM,930,Tobacco-1008,-1338.28,0
930SM,930,Wine-3200,0,0
931SM,931,Bakery-1500,6242.75,543
931SM,931,Coffee Shop-2900,0,0
931SM,931,Deli-2500,1100.68,0
931SM,931,Floral-3100,8043.31,0
931SM,931,Meats-2000,9674.47,0
931SM,931,Produce-3000,-205.19,0
931SM,931,Restaurant-2700,1342.77,24.7
931SM,931,Seafood-2600,0,0
931SM,931,Tobacco-1008,0,0
931SM,931,Wine-3200,28397.87,0
932SM,932,Bakery-1500,9237.77,2623.95
932SM,932,Coffee Shop-2900,0,0
932SM,932,Deli-2500,735.55,167.06
932SM,932,Floral-3100,7504.4,0
932SM,932,Meats-2000,22963.36,11889.94
932SM,932,Produce-3000,-251.78,0
932SM,932,Restaurant-2700,3550.98,0
932SM,932,Seafood-2600,-5.11,0
932SM,932,Tobacco-1008,2408.17,0
932SM,932,Wine-3200,38852.69,-799.89
933SM,933,Bakery-1500,8105.54,0
933SM,933,Coffee Shop-2900,3276.7,0
933SM,933,Deli-2500,188.06,0
933SM,933,Floral-3100,518.49,0
933SM,933,Meats-2000,147.12,0
933SM,933,Produce-3000,2708.32,0
933SM,933,Restaurant-2700,162.11,0
933SM,933,Seafood-2600,0,0
933SM,933,Tobacco-1008,2043.87,5303.77
933SM,933,Wine-3200,0,0
934SM,934,Bakery-1500,2389.96,0
934SM,934,Coffee Shop-2900,7272.33,10041.14
934SM,934,Deli-2500,102.27,0
934SM,934,Floral-3100,1936.56,-13.2
934SM,934,Meats-2000,106.44,5808.92
934SM,934,Produce-3000,1644.97,0
934SM,934,Restaurant-2700,402.94,0
934SM,934,Seafood-2600,0,0
934SM,934,Tobacco-1008,0,0
934SM,934,Wine-3200,0,0
935SM,935,Bakery-1500,9550.51,0
935SM,935,Coffee Shop-2900,0,0
935SM,935,Deli-2500,12.38,0
935SM,935,Floral-3100,9432.32,0
935SM,935,Meats-2000,29002.24,0
935SM,935,Produce-3000,-382.55,0
935SM,935,Restaurant-2700,917.14,0
935SM,935,Seafood-2600,-8.74,0
935SM,935,Tobacco-1008,6848.5,7438.26
935SM,935,Wine-3200,15523.96,0
936SM,936,Bakery-1500,7251.01,0
936SM,936,Coffee Shop-2900,0,0
936SM,936,Deli-2500,-155.61,0
936SM,936,Floral-3100,6208.22,0
936SM,936,Meats-2000,37358.17,0
936SM,936,Produce-3000,-344.96,0
936SM,936,Restaurant-2700,728.76,0
936SM,936,Seafood-2600,-5.39,0
936SM,936,Tobacco-1008,2267.77,2610.85
936SM,936,Wine-3200,0,0
937SM,937,Bakery-1500,4606.19,0
937SM,937,Coffee Shop-2900,0,0
937SM,937,Deli-2500,382.49,0
937SM,937,Floral-3100,4139.05,0
937SM,937,Meats-2000,31661.59,3507.81
937SM,937,Produce-3000,5931.7,673.8
937SM,937,Restaurant-2700,740.76,0
937SM,937,Seafood-2600,0,0
937SM,937,Tobacco-1008,0,0
937SM,937,Wine-3200,0,0
938SM,938,Bakery-1500,3946.96,0
938SM,938,Coffee Shop-2900,0,0
938SM,938,Deli-2500,58.38,0
938SM,938,Floral-3100,5376.88,0
938SM,938,Meats-2000,16875.18,0
938SM,938,Produce-3000,-127.11,0
938SM,938,Restaurant-2700,556.02,0
938SM,938,Seafood-2600,-4.42,0
938SM,938,Tobacco-1008,3352.69,3352.69
938SM,938,Wine-3200,0,0
939SM,939,Bakery-1500,7557.22,0
939SM,939,Coffee Shop-2900,0,0
939SM,939,Deli-2500,116.1,0
939SM,939,Floral-3100,7924.6,0
939SM,939,Meats-2000,19428.39,0
939SM,939,Produce-3000,-161.29,0
939SM,939,Restaurant-2700,90.01,0
939SM,939,Seafood-2600,0,0
939SM,939,Tobacco-1008,0,0
939SM,939,Wine-3200,0,0
940SM,940,Bakery-1500,5658.92,195.92
940SM,940,Coffee Shop-2900,0,0
940SM,940,Deli-2500,237.23,0
940SM,940,Floral-3100,1578.84,-381.23
940SM,940,Meats-2000,25514.18,0
940SM,940,Produce-3000,3169.82,0
940SM,940,Restaurant-2700,123,19.76
940SM,940,Seafood-2600,0,0
940SM,940,Tobacco-1008,-3506.86,0
940SM,940,Wine-3200,0,0
941SM,941,Bakery-1500,4548.03,0
941SM,941,Coffee Shop-2900,0,0
941SM,941,Deli-2500,24.03,0
941SM,941,Floral-3100,3999.99,0
941SM,941,Meats-2000,10723.06,1652.08
941SM,941,Produce-3000,-107.57,0
941SM,941,Restaurant-2700,196.28,0
941SM,941,Seafood-2600,0,0
941SM,941,Tobacco-1008,0,0
941SM,941,Wine-3200,0,0
942SM,942,Bakery-1500,2706.96,0
942SM,942,Coffee Shop-2900,0,0
942SM,942,Deli-2500,-179.64,0
942SM,942,Floral-3100,3707.65,0
942SM,942,Meats-2000,8214.95,0
942SM,942,Produce-3000,-270.5,0
942SM,942,Restaurant-2700,433.99,0
942SM,942,Seafood-2600,0,0
942SM,942,Tobacco-1008,0,0
942SM,942,Wine-3200,0,0
943SM,943,Bakery-1500,2848.46,0
943SM,943,Coffee Shop-2900,3996.48,0
943SM,943,Deli-2500,242.21,0
943SM,943,Floral-3100,3851.7,0
943SM,943,Meats-2000,17013.04,0
943SM,943,Produce-3000,715.07,0
943SM,943,Restaurant-2700,828.95,0
943SM,943,Seafood-2600,-35,0
943SM,943,Tobacco-1008,-2454.32,0
943SM,943,Wine-3200,23430.09,0
944SM,944,Bakery-1500,3995.33,219.44
944SM,944,Coffee Shop-2900,0,0
944SM,944,Deli-2500,862.58,0
944SM,944,Floral-3100,4698.2,0
944SM,944,Meats-2000,10735.77,0
944SM,944,Produce-3000,-144.76,0
944SM,944,Restaurant-2700,268.35,0
944SM,944,Seafood-2600,-7.85,0
944SM,944,Tobacco-1008,0,0
944SM,944,Wine-3200,0,0
946SM,946,Bakery-1500,6847.62,0
946SM,946,Coffee Shop-2900,0,0
946SM,946,Deli-2500,287.18,0
946SM,946,Floral-3100,7692.49,0
946SM,946,Meats-2000,19675.8,0
946SM,946,Produce-3000,1509.08,0
946SM,946,Restaurant-2700,625.57,0
946SM,946,Seafood-2600,-45.03,0
946SM,946,Tobacco-1008,0,0
946SM,946,Wine-3200,16106.43,0
947SM,947,Bakery-1500,4397.34,414.02
947SM,947,Coffee Shop-2900,0,0
947SM,947,Deli-2500,47.54,0
947SM,947,Floral-3100,3013.42,0
947SM,947,Meats-2000,547.91,0
947SM,947,Produce-3000,4963.24,0
947SM,947,Restaurant-2700,560.68,0
947SM,947,Seafood-2600,0,0
947SM,947,Tobacco-1008,4929.65,0
947SM,947,Wine-3200,0,0
948SM,948,Bakery-1500,4674.53,0
948SM,948,Coffee Shop-2900,0,106.17
948SM,948,Deli-2500,454.05,0
948SM,948,Floral-3100,4807.26,0
948SM,948,Meats-2000,3600.97,0
948SM,948,Produce-3000,3664.65,0
948SM,948,Restaurant-2700,51.39,0
948SM,948,Seafood-2600,0,0
948SM,948,Tobacco-1008,0,0
948SM,948,Wine-3200,0,0
951SM,951,Bakery-1500,5579.13,0
951SM,951,Coffee Shop-2900,0,0
951SM,951,Deli-2500,380.9,0
951SM,951,Floral-3100,2977.75,693.04
951SM,951,Meats-2000,178.59,0
951SM,951,Produce-3000,7094.03,0
951SM,951,Restaurant-2700,514.26,132.26
951SM,951,Seafood-2600,0,0
951SM,951,Tobacco-1008,3250.59,0
951SM,951,Wine-3200,0,0
952SM,952,Bakery-1500,3579.67,0
952SM,952,Coffee Shop-2900,0,0
952SM,952,Deli-2500,346.52,0
952SM,952,Floral-3100,4066.66,0
952SM,952,Meats-2000,21301.87,0
952SM,952,Produce-3000,-153.13,0
952SM,952,Restaurant-2700,173.77,0
952SM,952,Seafood-2600,-25.52,0
952SM,952,Tobacco-1008,-862.95,0
952SM,952,Wine-3200,0,0
953SM,953,Bakery-1500,8644.47,0
953SM,953,Coffee Shop-2900,0,0
953SM,953,Deli-2500,960.96,0
953SM,953,Floral-3100,2058.87,-134.17
953SM,953,Meats-2000,11423.03,0
953SM,953,Produce-3000,4946.35,0
953SM,953,Restaurant-2700,188.8,0
953SM,953,Seafood-2600,0,0
953SM,953,Tobacco-1008,0,0
953SM,953,Wine-3200,0,0
954SM,954,Bakery-1500,9486.48,-226.12
954SM,954,Coffee Shop-2900,0,0
954SM,954,Deli-2500,327.36,0
954SM,954,Floral-3100,5182.9,1792.62
954SM,954,Meats-2000,7668.68,0
954SM,954,Produce-3000,6274.12,0
954SM,954,Restaurant-2700,966.12,0
954SM,954,Seafood-2600,-5.1,0
954SM,954,Tobacco-1008,0,0
954SM,954,Wine-3200,21894.03,0
955SM,955,Bakery-1500,5454.17,0
955SM,955,Coffee Shop-2900,0,0
955SM,955,Deli-2500,55.08,0
955SM,955,Floral-3100,2955.76,0
955SM,955,Meats-2000,-620.52,0
955SM,955,Produce-3000,10486.46,0
955SM,955,Restaurant-2700,277.86,0
955SM,955,Seafood-2600,0,0
955SM,955,Tobacco-1008,-252.92,4009.3
955SM,955,Wine-3200,6575.34,-792.8
956SM,956,Bakery-1500,5273.62,3349.26
956SM,956,Coffee Shop-2900,0,0
956SM,956,Deli-2500,24.97,49.99
956SM,956,Floral-3100,15019.45,0
956SM,956,Meats-2000,19510.01,0
956SM,956,Produce-3000,7864.7,0
956SM,956,Restaurant-2700,1755.28,0
956SM,956,Seafood-2600,-20.54,0
956SM,956,Tobacco-1008,-165.28,0
956SM,956,Wine-3200,15521.64,335.76
957SM,957,Bakery-1500,4631.28,534.59
957SM,957,Coffee Shop-2900,0,0
957SM,957,Deli-2500,110.94,0
957SM,957,Floral-3100,4490.51,0
957SM,957,Meats-2000,14918.37,869.28
957SM,957,Produce-3000,-216.74,0
957SM,957,Restaurant-2700,255.76,0
957SM,957,Seafood-2600,0,0
957SM,957,Tobacco-1008,-923.4,0
957SM,957,Wine-3200,0,0
961SM,961,Bakery-1500,3003.61,0
961SM,961,Coffee Shop-2900,0,0
961SM,961,Deli-2500,61.55,0
961SM,961,Floral-3100,2068.05,0
961SM,961,Meats-2000,25350,3955.15
961SM,961,Produce-3000,1.94,0
961SM,961,Restaurant-2700,912.83,-330.28
961SM,961,Seafood-2600,0,0
961SM,961,Tobacco-1008,1909.57,0
961SM,961,Wine-3200,0,0
962SM,962,Bakery-1500,6769.95,0
962SM,962,Coffee Shop-2900,0,0
962SM,962,Deli-2500,2200.75,0
962SM,962,Floral-3100,6481.15,-191.2
962SM,962,Meats-2000,15488.85,19161.52
962SM,962,Produce-3000,27361.79,0
962SM,962,Restaurant-2700,-22969.89,17.29
962SM,962,Seafood-2600,0,0
962SM,962,Tobacco-1008,2041.54,0
962SM,962,Wine-3200,44453.54,0
963SM,963,Bakery-1500,9221.47,-42.6
963SM,963,Coffee Shop-2900,8.89,0
963SM,963,Deli-2500,-178.71,0
963SM,963,Floral-3100,7958.3,0
963SM,963,Meats-2000,20686.45,0
963SM,963,Produce-3000,1362.82,0
963SM,963,Restaurant-2700,369.22,0
963SM,963,Seafood-2600,377.9,0
963SM,963,Tobacco-1008,0,0
963SM,963,Wine-3200,0,0
964SM,964,Bakery-1500,6064.65,577.48
964SM,964,Coffee Shop-2900,0,0
964SM,964,Deli-2500,-33.61,0
964SM,964,Floral-3100,2511.26,1021.06
964SM,964,Meats-2000,4788.74,0
964SM,964,Produce-3000,244.11,0
964SM,964,Restaurant-2700,268.57,0
964SM,964,Seafood-2600,0,0
964SM,964,Tobacco-1008,0,0
964SM,964,Wine-3200,0,0
965SM,965,Bakery-1500,7189.26,0
965SM,965,Coffee Shop-2900,0,0
965SM,965,Deli-2500,271.27,0
965SM,965,Floral-3100,5521.13,80.75
965SM,965,Meats-2000,0,0
965SM,965,Produce-3000,-165.48,0
965SM,965,Restaurant-2700,257.11,0
965SM,965,Seafood-2600,0,0
965SM,965,Tobacco-1008,0,0
965SM,965,Wine-3200,0,0
966SM,966,Bakery-1500,5326.12,0
966SM,966,Coffee Shop-2900,0,0
966SM,966,Deli-2500,124.5,0
966SM,966,Floral-3100,3596.6,0
966SM,966,Meats-2000,542.78,0
966SM,966,Produce-3000,-178.78,0
966SM,966,Restaurant-2700,184.37,0
966SM,966,Seafood-2600,0,0
966SM,966,Tobacco-1008,-1432,0
966SM,966,Wine-3200,0,0
967SM,967,Bakery-1500,8349.62,542.74
967SM,967,Coffee Shop-2900,0,0
967SM,967,Deli-2500,51.27,0
967SM,967,Floral-3100,4909.55,0
967SM,967,Meats-2000,0,-318.56
967SM,967,Produce-3000,-424.96,0
967SM,967,Restaurant-2700,583.73,0
967SM,967,Seafood-2600,-6.02,0
967SM,967,Tobacco-1008,6904.95,0
967SM,967,Wine-3200,17828.08,0
968SM,968,Bakery-1500,5770.24,0
968SM,968,Coffee Shop-2900,0,0
968SM,968,Deli-2500,3.5,0
968SM,968,Floral-3100,1672.97,0
968SM,968,Meats-2000,0,0
968SM,968,Produce-3000,-218.14,0
968SM,968,Restaurant-2700,337.69,0
968SM,968,Seafood-2600,0,0
968SM,968,Tobacco-1008,5016.01,0
968SM,968,Wine-3200,0,0
969SM,969,Bakery-1500,8240.77,130.5
969SM,969,Coffee Shop-2900,0,0
969SM,969,Deli-2500,11.89,0
969SM,969,Floral-3100,4170.45,0
969SM,969,Meats-2000,16695.07,0
969SM,969,Produce-3000,2337.15,0
969SM,969,Restaurant-2700,274.56,0
969SM,969,Seafood-2600,-0.85,0
969SM,969,Tobacco-1008,2878.64,0
969SM,969,Wine-3200,13439.18,0
970SM,970,Bakery-1500,2089.49,186.77
970SM,970,Coffee Shop-2900,0,0
970SM,970,Deli-2500,-6.58,0
970SM,970,Floral-3100,1252.63,0
970SM,970,Meats-2000,0,0
970SM,970,Produce-3000,-43.17,0
970SM,970,Restaurant-2700,138.1,0
970SM,970,Seafood-2600,0,0
970SM,970,Tobacco-1008,4537.63,0
970SM,970,Wine-3200,0,0
971SM,971,Bakery-1500,2881.71,0
971SM,971,Coffee Shop-2900,0,0
971SM,971,Deli-2500,-48.48,0
971SM,971,Floral-3100,2842.59,0
971SM,971,Meats-2000,9520.25,0
971SM,971,Produce-3000,522.84,0
971SM,971,Restaurant-2700,318.74,258.51
971SM,971,Seafood-2600,3744.24,-720
971SM,971,Tobacco-1008,0,0
971SM,971,Wine-3200,0,0
972SM,972,Bakery-1500,2942.77,651.89
972SM,972,Coffee Shop-2900,0,0
972SM,972,Deli-2500,-38.61,0
972SM,972,Floral-3100,1882.24,0
972SM,972,Meats-2000,0,0
972SM,972,Produce-3000,-116.12,0
972SM,972,Restaurant-2700,246.38,0
972SM,972,Seafood-2600,0,0
972SM,972,Tobacco-1008,1539.03,0
972SM,972,Wine-3200,0,0
973SM,973,Bakery-1500,4036.38,0
973SM,973,Coffee Shop-2900,0,0
973SM,973,Deli-2500,862.49,0
973SM,973,Floral-3100,7711.38,0
973SM,973,Meats-2000,1832.26,0
973SM,973,Produce-3000,1892.13,0
973SM,973,Restaurant-2700,1101.63,0
973SM,973,Seafood-2600,0,0
973SM,973,Tobacco-1008,6548.46,0
973SM,973,Wine-3200,0,0
975SM,975,Bakery-1500,6872.65,113.68
975SM,975,Coffee Shop-2900,0,0
975SM,975,Deli-2500,95.03,0
975SM,975,Floral-3100,3375.79,0
975SM,975,Meats-2000,12119.56,1138.08
975SM,975,Produce-3000,-214.18,0
975SM,975,Restaurant-2700,622.56,0
975SM,975,Seafood-2600,0,0
975SM,975,Tobacco-1008,-8190.82,0
975SM,975,Wine-3200,0,0
977SM,977,Bakery-1500,6440.09,0
977SM,977,Coffee Shop-2900,0,0
977SM,977,Deli-2500,878.19,0
977SM,977,Floral-3100,2725.2,0
977SM,977,Meats-2000,0,6732.76
977SM,977,Produce-3000,10100.13,0
977SM,977,Restaurant-2700,421,-18.96
977SM,977,Seafood-2600,0,0
977SM,977,Tobacco-1008,-227.82,0
977SM,977,Wine-3200,0,0
978SM,978,Bakery-1500,2392.78,0
978SM,978,Coffee Shop-2900,0,0
978SM,978,Deli-2500,5.17,0
978SM,978,Floral-3100,963.6,71.6
978SM,978,Meats-2000,7.61,0
978SM,978,Produce-3000,-57.55,0
978SM,978,Restaurant-2700,1025.64,223.12
978SM,978,Seafood-2600,5.65,0
978SM,978,Tobacco-1008,0,0
978SM,978,Wine-3200,0,0
979SM,979,Bakery-1500,6024.43,0
979SM,979,Coffee Shop-2900,0,0
979SM,979,Deli-2500,42.67,0
979SM,979,Floral-3100,3120.34,0
979SM,979,Meats-2000,5362.21,0
979SM,979,Produce-3000,-113.73,0
979SM,979,Restaurant-2700,533.12,125.96
979SM,979,Seafood-2600,0,0
979SM,979,Tobacco-1008,0,0
979SM,979,Wine-3200,0,0
980SM,980,Bakery-1500,6000.25,0
980SM,980,Coffee Shop-2900,0,0
980SM,980,Deli-2500,1491.72,0
980SM,980,Floral-3100,9002.67,0
980SM,980,Meats-2000,18427.87,6820.44
980SM,980,Produce-3000,4625.88,0
980SM,980,Restaurant-2700,733.96,0
980SM,980,Seafood-2600,1629.81,0
980SM,980,Tobacco-1008,0,0
980SM,980,Wine-3200,42523.36,0
981SM,981,Bakery-1500,4150.18,0
981SM,981,Coffee Shop-2900,0,0
981SM,981,Deli-2500,32.76,0
981SM,981,Floral-3100,20983.53,0
981SM,981,Meats-2000,14005.97,0
981SM,981,Produce-3000,-248.63,0
981SM,981,Restaurant-2700,12.19,0
981SM,981,Seafood-2600,0,0
981SM,981,Tobacco-1008,0,0
981SM,981,Wine-3200,16435.08,-76.02
982SM,982,Bakery-1500,3462.94,3041.71
982SM,982,Coffee Shop-2900,0,0
982SM,982,Deli-2500,39.87,0
982SM,982,Floral-3100,1261.24,0
982SM,982,Meats-2000,2895.69,4557.46
982SM,982,Produce-3000,-240.49,0
982SM,982,Restaurant-2700,386.31,0
982SM,982,Seafood-2600,0,0
982SM,982,Tobacco-1008,-83.03,0
982SM,982,Wine-3200,0,0
983SM,983,Bakery-1500,4345.87,0
983SM,983,Coffee Shop-2900,0,0
983SM,983,Deli-2500,-14.42,0
983SM,983,Floral-3100,2123.43,0
983SM,983,Meats-2000,4628.37,3151.71
983SM,983,Produce-3000,-126.17,0
983SM,983,Restaurant-2700,159.65,0
983SM,983,Seafood-2600,0,0
983SM,983,Tobacco-1008,0,0
983SM,983,Wine-3200,0,0
984SM,984,Bakery-1500,11273.47,0
984SM,984,Coffee Shop-2900,0,0
984SM,984,Deli-2500,-160.52,0
984SM,984,Floral-3100,8931.25,0
984SM,984,Meats-2000,18444.87,0
984SM,984,Produce-3000,6744.05,0
984SM,984,Restaurant-2700,470.85,22.23
984SM,984,Seafood-2600,0,0
984SM,984,Tobacco-1008,5484.15,5921.67
984SM,984,Wine-3200,0,0
985SM,985,Bakery-1500,5606.98,208.46
985SM,985,Coffee Shop-2900,0,0
985SM,985,Deli-2500,665.04,0
985SM,985,Floral-3100,5465.02,0
985SM,985,Meats-2000,4367.79,0
985SM,985,Produce-3000,2451.9,0
985SM,985,Restaurant-2700,429.32,0
985SM,985,Seafood-2600,-10.5,0
985SM,985,Tobacco-1008,0,0
985SM,985,Wine-3200,0,0
987SM,987,Bakery-1500,9071.02,0
987SM,987,Coffee Shop-2900,0,0
987SM,987,Deli-2500,-75.08,0
987SM,987,Floral-3100,3064.56,0
987SM,987,Meats-2000,9100,0
987SM,987,Produce-3000,-444.12,0
987SM,987,Restaurant-2700,464.51,0
987SM,987,Seafood-2600,0,0
987SM,987,Tobacco-1008,0,2676.69
987SM,987,Wine-3200,0,0
988SM,988,Bakery-1500,3463.82,0
988SM,988,Coffee Shop-2900,0,0
988SM,988,Deli-2500,423.01,0
988SM,988,Floral-3100,3987.55,0
988SM,988,Meats-2000,15182.37,3689.39
988SM,988,Produce-3000,2702.45,0
988SM,988,Restaurant-2700,2091.02,0
988SM,988,Seafood-2600,0,0
988SM,988,Tobacco-1008,0,0
988SM,988,Wine-3200,0,0
990SM,990,Bakery-1500,9057.41,265.31
990SM,990,Coffee Shop-2900,0,0
990SM,990,Deli-2500,4523.53,0
990SM,990,Floral-3100,4484.1,0
990SM,990,Meats-2000,34734.11,0
990SM,990,Produce-3000,1507.92,0
990SM,990,Restaurant-2700,727.91,0
990SM,990,Seafood-2600,0,0
990SM,990,Tobacco-1008,-420.6,0
990SM,990,Wine-3200,0,0
991SM,991,Bakery-1500,2631.83,0
991SM,991,Coffee Shop-2900,0,0
991SM,991,Deli-2500,292.4,0
991SM,991,Floral-3100,3313.05,0
991SM,991,Meats-2000,16116.62,4533.78
991SM,991,Produce-3000,-412.92,0
991SM,991,Restaurant-2700,279.46,0
991SM,991,Seafood-2600,0,0
991SM,991,Tobacco-1008,2199.24,2199.24
991SM,991,Wine-3200,0,0
992SM,992,Bakery-1500,9150.74,0
992SM,992,Coffee Shop-2900,0,0
992SM,992,Deli-2500,526.84,0
992SM,992,Floral-3100,5589.47,0
992SM,992,Meats-2000,19973.9,0
992SM,992,Produce-3000,-334.82,0
992SM,992,Restaurant-2700,377.3,255.9
992SM,992,Seafood-2600,0,0
992SM,992,Tobacco-1008,0,0
992SM,992,Wine-3200,0,0
993SM,993,Bakery-1500,5320.55,0
993SM,993,Coffee Shop-2900,2740.24,0
993SM,993,Deli-2500,336.13,0
993SM,993,Floral-3100,8715.82,-80.4
993SM,993,Meats-2000,23245.42,0
993SM,993,Produce-3000,10853.01,0
993SM,993,Restaurant-2700,508.31,0
993SM,993,Seafood-2600,-3.86,0
993SM,993,Tobacco-1008,-584.78,4729.73
993SM,993,Wine-3200,0,0
995SM,995,Bakery-1500,3805.68,0
995SM,995,Coffee Shop-2900,0,0
995SM,995,Deli-2500,43.02,0
995SM,995,Floral-3100,4053.28,0
995SM,995,Meats-2000,10533.33,0
995SM,995,Produce-3000,1582.58,0
995SM,995,Restaurant-2700,366.45,0
995SM,995,Seafood-2600,-20.13,0
995SM,995,Tobacco-1008,4759.59,0
995SM,995,Wine-3200,0,0
996SM,996,Bakery-1500,5861.3,0
996SM,996,Coffee Shop-2900,3400.66,0
996SM,996,Deli-2500,177.33,0
996SM,996,Floral-3100,5599.48,0
996SM,996,Meats-2000,21805.83,102.99
996SM,996,Produce-3000,2175.36,386
996SM,996,Restaurant-2700,248.81,0
996SM,996,Seafood-2600,0,0
996SM,996,Tobacco-1008,-1307.85,0
996SM,996,Wine-3200,0,0
998SM,998,Bakery-1500,6440.78,0
998SM,998,Coffee Shop-2900,0,0
998SM,998,Deli-2500,-4.42,0
998SM,998,Floral-3100,9411.2,0
998SM,998,Meats-2000,21368.76,0
998SM,998,Produce-3000,59.52,0
998SM,998,Restaurant-2700,48.42,0
998SM,998,Seafood-2600,0,0
998SM,998,Tobacco-1008,1047.14,2394.9
998SM,998,Wine-3200,0,0
999SM,999,Bakery-1500,8995.16,0
999SM,999,Coffee Shop-2900,172.55,136.34
999SM,999,Deli-2500,5375.59,666.71
999SM,999,Floral-3100,5816.62,405
999SM,999,Meats-2000,28622.55,0
999SM,999,Produce-3000,694.7,0
999SM,999,Restaurant-2700,930.98,4.94
999SM,999,Seafood-2600,100.8,0
999SM,999,Tobacco-1008,0,0
999SM,999,Wine-3200,28983.29,0
